Pokemon Name,Type 1,Type 2,hp,attack and special attack,defense and special defense,attack and speed,special attack and speed
bulbasaur,grass,poison,45,114,114,94,110
ivysaur,grass,poison,60,142,143,122,140
venusaur,grass,poison,80,182,183,162,180
charmander,fire,,39,112,93,117,125
charmeleon,fire,,58,144,123,144,160
charizard,fire,flying,78,193,163,184,209
squirtle,water,,44,98,129,91,93
wartortle,water,,59,128,160,121,123
blastoise,water,,79,168,205,161,163
caterpie,bug,,45,50,55,75,65
metapod,bug,,50,45,80,50,55
butterfree,bug,flying,60,135,130,115,160
weedle,bug,poison,40,55,50,85,70
kakuna,bug,poison,45,50,75,60,60
beedrill,bug,poison,65,135,120,165,120
pidgey,normal,flying,40,80,75,101,91
pidgeotto,normal,flying,63,110,105,131,121
pidgeot,normal,flying,83,150,145,181,171
rattata,normal,,30,81,70,128,97
raticate,normal,,55,131,130,178,147
spearow,normal,flying,40,91,61,130,101
fearow,normal,flying,65,151,126,190,161
ekans,poison,,35,100,98,115,95
arbok,poison,,60,160,148,175,145
pikachu,electric,,35,105,90,145,140
raichu,electric,,60,180,135,200,200
sandshrew,ground,,50,95,115,115,60
sandslash,ground,,75,145,165,165,110
nidoran-f,poison,,55,87,92,88,81
nidorina,poison,,70,117,122,118,111
nidoqueen,poison,ground,90,167,172,168,151
nidoran-m,poison,,46,97,80,107,90
nidorino,poison,,61,127,112,137,120
nidoking,poison,ground,81,187,152,187,170
clefairy,fairy,,70,105,113,80,95
clefable,fairy,,95,165,163,130,155
vulpix,fire,,38,91,105,106,115
ninetales,fire,,73,157,175,176,181
jigglypuff,normal,fairy,115,90,45,65,65
wigglytuff,normal,fairy,140,155,95,115,130
zubat,poison,flying,40,75,75,100,85
golbat,poison,flying,75,145,145,170,155
oddish,grass,poison,45,125,120,80,105
gloom,grass,poison,60,150,145,105,125
vileplume,grass,poison,75,190,175,130,160
paras,bug,grass,35,115,110,95,70
parasect,bug,grass,60,155,160,125,90
venonat,bug,poison,60,95,105,100,85
venomoth,bug,poison,70,155,135,155,180
diglett,ground,,10,90,70,150,130
dugtrio,ground,,35,150,120,220,170
meowth,normal,,40,85,75,135,130
persian,normal,,65,135,125,185,180
psyduck,water,,50,117,98,107,120
golduck,water,,80,177,158,167,180
mankey,fighting,,40,115,80,150,105
primeape,fighting,,65,165,130,200,155
growlithe,fire,,55,140,95,130,130
arcanine,fire,,90,210,160,205,195
poliwag,water,,40,90,80,140,130
poliwhirl,water,,65,115,115,155,140
poliwrath,water,fighting,90,165,185,165,140
abra,psychic,,25,125,70,110,195
kadabra,psychic,,40,155,100,140,225
alakazam,psychic,,55,185,140,170,255
machop,fighting,,70,115,85,115,70
machoke,fighting,,80,150,130,145,95
machamp,fighting,,90,195,165,185,120
bellsprout,grass,poison,50,145,65,115,110
weepinbell,grass,poison,65,175,95,145,140
victreebel,grass,poison,80,205,135,175,170
tentacool,water,poison,40,90,135,110,120
tentacruel,water,poison,80,150,185,170,180
geodude,rock,ground,40,110,130,100,50
graveler,rock,ground,55,140,160,130,80
golem,rock,ground,80,175,195,165,100
ponyta,fire,,50,150,120,175,155
rapidash,fire,,65,180,150,205,185
slowpoke,water,psychic,90,105,105,80,55
slowbro,water,psychic,95,175,190,105,130
magnemite,electric,steel,25,130,125,80,140
magneton,electric,steel,50,180,165,130,190
farfetchd,normal,flying,52,148,117,150,118
doduo,normal,flying,35,120,80,160,110
dodrio,normal,flying,60,170,130,220,170
seel,water,,65,90,125,90,90
dewgong,water,ice,90,140,175,140,140
grimer,poison,,80,120,100,105,65
muk,poison,,105,170,175,155,115
shellder,water,,30,110,125,105,85
cloyster,water,ice,50,180,225,165,155
gastly,ghost,poison,30,135,65,115,180
haunter,ghost,poison,45,165,100,145,210
gengar,ghost,poison,60,195,135,175,240
onix,rock,ground,35,75,205,115,100
drowzee,psychic,,60,91,135,90,85
hypno,psychic,,85,146,185,140,140
krabby,water,,30,130,115,155,75
kingler,water,,55,180,165,205,125
voltorb,electric,,40,85,105,130,155
electrode,electric,,60,130,150,200,230
exeggcute,grass,psychic,60,100,125,80,100
exeggutor,grass,psychic,95,220,160,150,180
cubone,ground,,50,90,145,85,75
marowak,ground,,60,130,190,125,95
hitmonlee,fighting,,50,155,163,207,122
hitmonchan,fighting,,50,140,189,181,111
lickitung,normal,,90,115,150,85,90
koffing,poison,,40,125,140,100,95
weezing,poison,,65,175,190,150,145
rhyhorn,ground,rock,80,115,125,110,55
rhydon,ground,rock,105,175,165,170,85
chansey,normal,,250,40,110,55,85
tangela,grass,,65,155,155,115,160
kangaskhan,normal,,105,135,160,185,130
horsea,water,,30,110,95,100,130
seadra,water,,55,160,140,150,180
goldeen,water,,45,102,110,130,98
seaking,water,,80,157,145,160,133
staryu,water,,30,115,110,130,155
starmie,water,psychic,60,175,170,190,215
mr-mime,psychic,fairy,40,145,185,135,190
scyther,bug,flying,70,165,160,215,160
jynx,ice,psychic,65,165,130,145,210
electabuzz,electric,,65,178,142,188,200
magmar,fire,,65,195,142,188,193
pinsir,bug,,65,180,170,210,140
tauros,normal,,75,140,165,210,150
magikarp,water,,20,25,75,90,95
gyarados,water,flying,95,185,179,206,141
lapras,water,ice,130,170,175,145,145
ditto,normal,,48,96,96,96,96
eevee,normal,,55,100,115,110,100
vaporeon,water,,130,175,155,130,175
jolteon,electric,,65,175,155,195,240
flareon,fire,,65,225,170,195,160
porygon,normal,,65,145,145,100,125
omanyte,rock,water,35,130,155,75,125
omastar,rock,water,70,175,195,115,170
kabuto,rock,water,30,135,135,135,110
kabutops,rock,water,60,180,175,195,145
aerodactyl,rock,flying,80,165,140,235,190
snorlax,normal,,160,175,175,140,95
articuno,ice,flying,90,180,225,170,180
zapdos,electric,flying,90,215,175,190,225
moltres,fire,flying,90,225,175,190,215
dratini,dragon,,41,114,95,114,100
dragonair,dragon,,61,154,135,154,140
dragonite,dragon,flying,91,234,195,214,180
mewtwo,psychic,,106,264,180,240,284
mew,psychic,,100,200,200,200,200
chikorita,grass,,45,98,130,94,94
bayleef,grass,,60,125,160,122,123
meganium,grass,,80,165,200,162,163
cyndaquil,fire,,39,112,93,117,125
quilava,fire,,58,144,123,144,160
typhlosion,fire,,78,193,163,184,209
totodile,water,,50,109,112,108,87
croconaw,water,,65,139,143,138,117
feraligatr,water,,85,184,183,183,157
sentret,normal,,35,81,79,66,55
furret,normal,,85,121,119,166,135
hoothoot,normal,flying,60,66,86,80,86
noctowl,normal,flying,100,136,146,120,156
ledyba,bug,flying,40,60,110,75,95
ledian,bug,flying,55,90,160,120,140
spinarak,bug,poison,40,100,80,90,70
ariados,bug,poison,70,150,140,130,100
crobat,poison,flying,85,160,160,220,200
chinchou,water,electric,75,94,94,105,123
lanturn,water,electric,125,134,134,125,143
pichu,electric,,20,75,50,100,95
cleffa,fairy,,50,70,83,40,60
igglybuff,normal,fairy,90,70,35,45,55
togepi,fairy,,35,60,130,40,60
togetic,fairy,flying,55,120,190,80,120
natu,psychic,flying,40,120,90,120,140
xatu,psychic,flying,65,170,140,170,190
mareep,electric,,55,105,85,75,100
flaaffy,electric,,70,135,115,100,125
ampharos,electric,,90,190,175,130,170
bellossom,grass,,75,170,195,130,140
marill,water,fairy,70,40,100,60,60
azumarill,water,fairy,100,110,160,100,110
sudowoodo,rock,,70,130,180,130,60
politoed,water,,90,165,175,145,160
hoppip,grass,flying,35,70,95,85,85
skiploom,grass,flying,55,90,115,125,125
jumpluff,grass,flying,75,110,165,165,165
aipom,normal,,55,110,110,155,125
sunkern,grass,,30,60,60,60,60
sunflora,grass,,75,180,140,105,135
yanma,bug,flying,65,140,90,160,170
wooper,water,ground,55,70,70,60,40
quagsire,water,ground,95,150,150,120,100
espeon,psychic,,65,195,155,175,240
umbreon,dark,,95,125,240,130,125
murkrow,dark,flying,60,170,84,176,176
slowking,water,psychic,95,175,190,105,130
misdreavus,ghost,,60,145,145,145,170
unown,psychic,,48,144,96,120,120
wobbuffet,psychic,,190,66,116,66,66
girafarig,normal,psychic,70,170,130,165,175
pineco,bug,,50,100,125,80,50
forretress,bug,steel,75,150,200,130,100
dunsparce,normal,,100,135,135,115,110
gligar,ground,flying,65,110,170,160,120
steelix,steel,ground,75,140,265,115,85
snubbull,fairy,,60,120,90,110,70
granbull,fairy,,90,180,135,165,105
qwilfish,water,poison,65,150,140,180,140
scizor,bug,steel,70,185,180,195,120
shuckle,bug,rock,20,20,460,15,15
heracross,bug,fighting,80,165,170,210,125
sneasel,dark,ice,55,130,130,210,150
teddiursa,normal,,60,130,100,120,90
ursaring,normal,,90,205,150,185,130
slugma,fire,,40,110,80,60,90
magcargo,fire,rock,60,140,200,80,120
swinub,ice,ground,50,80,70,100,80
piloswine,ice,ground,100,160,140,150,110
corsola,water,rock,65,120,190,90,100
remoraid,water,,35,130,70,130,130
octillery,water,,75,210,150,150,150
delibird,ice,flying,45,120,90,130,140
mantine,water,flying,85,120,210,110,150
skarmory,steel,flying,65,120,210,150,110
houndour,dark,fire,45,140,80,125,145
houndoom,dark,fire,75,200,130,185,205
kingdra,water,dragon,75,190,190,180,180
phanpy,ground,,90,100,100,100,80
donphan,ground,,90,180,180,170,110
porygon2,normal,,85,185,185,140,165
stantler,normal,,73,180,127,180,170
smeargle,normal,,55,40,80,95,95
tyrogue,fighting,,35,70,70,70,70
hitmontop,fighting,,50,130,205,165,105
smoochum,ice,psychic,45,115,80,95,150
elekid,electric,,45,128,92,158,160
magby,fire,,45,145,92,158,153
miltank,normal,,95,120,175,180,140
blissey,normal,,255,85,145,65,130
raikou,electric,,90,200,175,200,230
entei,fire,,115,205,160,215,190
suicune,water,,100,165,230,160,175
larvitar,rock,ground,50,109,100,105,86
pupitar,rock,ground,70,149,140,135,116
tyranitar,rock,dark,100,229,210,195,156
lugia,psychic,flying,106,180,284,200,200
ho-oh,fire,flying,106,240,244,220,200
celebi,psychic,grass,100,200,200,200,200
treecko,grass,,40,110,90,115,135
grovyle,grass,,50,150,110,160,180
sceptile,grass,,70,190,150,205,225
torchic,fire,,45,130,90,105,115
combusken,fire,fighting,60,170,120,140,140
blaziken,fire,fighting,80,230,140,200,190
mudkip,water,,50,120,100,110,90
marshtomp,water,ground,70,145,140,135,110
swampert,water,ground,100,195,180,170,145
poochyena,dark,,35,85,65,90,65
mightyena,dark,,70,150,130,160,130
zigzagoon,normal,,38,60,82,90,90
linoone,normal,,78,120,122,170,150
wurmple,bug,,45,65,65,65,40
silcoon,bug,,50,60,80,50,40
beautifly,bug,flying,60,170,100,135,165
cascoon,bug,,50,60,80,50,40
dustox,bug,poison,60,100,160,115,115
lotad,water,grass,40,70,80,60,70
lombre,water,grass,60,110,120,100,110
ludicolo,water,grass,80,160,170,140,160
seedot,grass,,40,70,80,70,60
nuzleaf,grass,dark,70,130,80,130,120
shiftry,grass,dark,90,190,120,180,170
taillow,normal,flying,40,85,60,140,115
swellow,normal,flying,60,160,110,210,200
wingull,water,flying,40,85,60,115,140
pelipper,water,flying,60,145,170,115,160
ralts,psychic,fairy,28,70,60,65,85
kirlia,psychic,fairy,38,100,90,85,115
gardevoir,psychic,fairy,68,190,180,145,205
surskit,bug,water,40,80,84,95,115
masquerain,bug,flying,70,160,144,140,180
shroomish,grass,,60,80,120,75,75
breloom,grass,fighting,60,190,140,200,130
slakoth,normal,,60,95,95,90,65
vigoroth,normal,,80,135,135,170,145
slaking,normal,,150,255,165,260,195
nincada,bug,ground,31,75,120,85,70
ninjask,bug,flying,61,140,95,250,210
shedinja,bug,ghost,1,120,75,130,70
whismur,normal,,64,102,46,79,79
loudred,normal,,84,142,86,119,119
exploud,normal,,104,182,136,159,159
makuhita,fighting,,72,80,60,85,45
hariyama,fighting,,144,160,120,170,90
azurill,normal,fairy,50,40,80,40,40
nosepass,rock,,30,90,225,75,75
skitty,normal,,50,80,80,95,85
delcatty,normal,,70,120,120,155,145
sableye,dark,ghost,50,140,140,125,115
mawile,steel,fairy,50,140,140,135,105
aron,steel,rock,50,110,140,100,70
lairon,steel,rock,60,140,190,130,90
aggron,steel,rock,70,170,240,160,110
meditite,fighting,psychic,30,80,110,100,100
medicham,fighting,psychic,60,120,150,140,140
electrike,electric,,40,110,80,110,130
manectric,electric,,70,180,120,180,210
plusle,electric,,60,135,115,145,180
minun,electric,,60,115,135,135,170
volbeat,bug,,65,120,160,158,132
illumise,bug,,65,120,160,132,158
roselia,grass,poison,50,160,125,125,165
gulpin,poison,,70,86,106,83,83
swalot,poison,,100,146,166,128,128
carvanha,water,dark,45,155,40,155,130
sharpedo,water,dark,70,215,80,215,190
wailmer,water,,130,140,70,130,130
wailord,water,,170,180,90,150,150
numel,fire,ground,60,125,85,95,100
camerupt,fire,ground,70,205,145,140,145
torkoal,fire,,70,170,210,105,105
spoink,psychic,,60,95,115,85,130
grumpig,psychic,,80,135,175,125,170
spinda,normal,,60,120,120,120,120
trapinch,ground,,45,145,90,110,55
vibrava,ground,dragon,50,120,100,140,120
flygon,ground,dragon,80,180,160,200,180
cacnea,grass,,50,170,80,120,120
cacturne,grass,dark,70,230,120,170,170
swablu,normal,flying,45,80,135,90,90
altaria,dragon,flying,75,140,195,150,150
zangoose,normal,,73,175,120,205,150
seviper,poison,,73,200,120,165,165
lunatone,rock,psychic,90,150,150,125,165
solrock,rock,psychic,90,150,150,165,125
barboach,water,ground,50,94,84,108,106
whiscash,water,ground,110,154,144,138,136
corphish,water,,43,130,100,115,85
crawdaunt,water,dark,63,210,140,175,145
baltoy,ground,psychic,40,80,125,95,95
claydol,ground,psychic,60,140,225,145,145
lileep,rock,grass,66,102,164,64,84
cradily,rock,grass,86,162,204,124,124
anorith,rock,bug,45,135,100,170,115
armaldo,rock,bug,75,195,180,170,115
feebas,water,,20,25,75,95,90
milotic,water,,95,160,204,141,181
castform,normal,,70,140,140,140,140
kecleon,normal,,60,150,190,130,100
shuppet,ghost,,44,138,68,120,108
banette,ghost,,64,198,128,180,148
duskull,ghost,,20,70,180,65,55
dusclops,ghost,,40,130,260,95,85
tropius,grass,flying,99,140,170,119,123
chimecho,psychic,,75,145,170,115,160
absol,dark,,65,205,120,205,150
wynaut,psychic,,95,46,96,46,46
snorunt,ice,,50,100,100,100,100
glalie,ice,,80,160,160,160,160
spheal,ice,water,70,95,100,65,80
sealeo,ice,water,90,135,140,105,120
walrein,ice,water,110,175,180,145,160
clamperl,water,,35,138,140,96,106
huntail,water,,55,198,180,156,146
gorebyss,water,,55,198,180,136,166
relicanth,water,rock,100,135,195,145,100
luvdisc,water,,43,70,120,127,137
bagon,dragon,,45,115,90,125,90
shelgon,dragon,,65,155,150,145,110
salamence,dragon,flying,95,245,160,235,210
beldum,steel,psychic,40,90,140,85,65
metang,steel,psychic,60,130,180,125,105
metagross,steel,psychic,80,230,220,205,165
regirock,rock,,80,150,300,150,100
regice,ice,,80,150,300,100,150
registeel,steel,,80,150,300,125,125
latias,dragon,psychic,80,190,220,190,220
latios,dragon,psychic,80,220,190,200,240
kyogre,water,,100,250,230,190,240
groudon,ground,,100,250,230,240,190
rayquaza,dragon,flying,105,300,180,245,245
jirachi,steel,psychic,100,200,200,200,200
deoxys-normal,psychic,,50,300,100,300,300
turtwig,grass,,55,113,119,99,76
grotle,grass,,75,144,150,125,91
torterra,grass,ground,95,184,190,165,131
chimchar,fire,,44,116,88,119,119
monferno,fire,fighting,64,156,104,159,159
infernape,fire,fighting,76,208,142,212,212
piplup,water,,53,112,109,91,101
prinplup,water,,64,147,144,116,131
empoleon,water,steel,84,197,189,146,171
starly,normal,flying,40,85,60,115,90
staravia,normal,flying,55,115,90,155,120
staraptor,normal,flying,85,170,130,220,150
bidoof,normal,,59,80,80,76,66
bibarel,normal,water,79,140,120,156,126
kricketot,bug,,37,50,82,50,50
kricketune,bug,,77,140,102,150,120
shinx,electric,,45,105,68,110,85
luxio,electric,,60,145,98,145,120
luxray,electric,,80,215,158,190,165
budew,grass,poison,40,80,105,85,105
roserade,grass,poison,60,195,170,160,215
cranidos,rock,,67,155,70,183,88
rampardos,rock,,97,230,110,223,123
shieldon,rock,steel,30,84,206,72,72
bastiodon,rock,steel,60,99,306,82,77
burmy,bug,,40,58,90,65,65
wormadam-plant,bug,grass,60,138,190,95,115
mothim,bug,flying,70,188,100,160,160
combee,bug,flying,30,60,84,100,100
vespiquen,bug,flying,70,160,204,120,120
pachirisu,electric,,60,90,160,140,140
buizel,water,,55,125,65,150,145
floatzel,water,,85,190,105,220,200
cherubi,grass,,45,97,98,70,97
cherrim,grass,,70,147,148,145,172
shellos,water,,76,105,110,82,91
gastrodon,water,ground,111,175,150,122,131
ambipom,normal,,75,160,132,215,175
drifloon,ghost,flying,90,110,78,120,130
drifblim,ghost,flying,150,170,98,160,170
buneary,normal,,55,110,100,151,129
lopunny,normal,,65,130,180,181,159
mismagius,ghost,,60,165,165,165,210
honchkrow,dark,flying,100,230,104,196,176
glameow,normal,,49,97,79,140,127
purugly,normal,,71,146,123,194,176
chingling,psychic,,45,95,100,75,110
stunky,poison,dark,63,104,88,137,115
skuntank,poison,dark,103,164,128,177,155
bronzor,steel,psychic,57,48,172,47,47
bronzong,steel,psychic,67,168,232,122,112
bonsly,rock,,50,90,140,90,20
mime-jr,psychic,fairy,20,95,135,85,130
happiny,normal,,100,20,70,35,45
chatot,normal,flying,76,157,87,156,183
spiritomb,ghost,dark,50,184,216,127,127
gible,dragon,ground,58,110,90,112,82
gabite,dragon,ground,68,140,120,172,132
garchomp,dragon,ground,108,210,180,232,182
munchlax,normal,,135,125,125,90,45
riolu,fighting,,40,105,80,130,95
lucario,fighting,steel,70,225,140,200,205
hippopotas,ground,,68,110,120,104,70
hippowdon,ground,,108,180,190,159,115
skorupi,poison,bug,40,80,145,115,95
drapion,poison,dark,70,150,185,185,155
croagunk,poison,fighting,48,122,80,111,111
toxicroak,poison,fighting,83,192,130,191,171
carnivine,grass,,74,190,144,146,136
finneon,water,,49,98,117,115,115
lumineon,water,,69,138,162,160,160
mantyke,water,flying,45,80,170,70,110
snover,grass,ice,60,124,110,102,102
abomasnow,grass,ice,90,184,160,152,152
weavile,dark,ice,70,165,150,245,170
magnezone,electric,steel,70,200,205,130,190
lickilicky,normal,,110,165,190,135,130
rhyperior,ground,rock,115,195,185,180,95
tangrowth,grass,,100,210,175,150,160
electivire,electric,,75,218,152,218,190
magmortar,fire,,75,220,162,178,208
togekiss,fairy,flying,85,170,210,130,200
yanmega,bug,flying,86,192,142,171,211
leafeon,grass,,65,170,195,205,155
glaceon,ice,,65,190,205,125,195
gliscor,ground,flying,75,140,200,190,140
mamoswine,ice,ground,110,200,140,210,150
porygon-z,normal,,85,215,145,170,225
gallade,psychic,fighting,68,190,180,205,145
probopass,rock,steel,60,130,295,95,115
dusknoir,ghost,,45,165,270,145,110
froslass,ice,ghost,70,160,140,190,190
rotom,electric,ghost,50,145,154,141,186
uxie,psychic,,75,150,260,170,170
mesprit,psychic,,80,210,210,185,185
azelf,psychic,,75,250,140,240,240
dialga,steel,dragon,100,270,220,210,240
palkia,water,dragon,90,270,220,220,250
heatran,fire,steel,91,220,212,167,207
regigigas,normal,,110,240,220,260,180
giratina-altered,ghost,dragon,150,200,240,190,190
cresselia,psychic,,120,145,230,155,160
phione,water,,80,160,160,160,160
manaphy,water,,100,200,200,200,200
darkrai,dark,,70,225,180,215,260
shaymin-land,grass,,100,200,200,200,200
arceus,normal,,120,240,240,240,240
victini,psychic,fire,100,200,200,200,200
snivy,grass,,45,90,110,108,108
servine,grass,,60,120,150,143,143
serperior,grass,,75,150,190,188,188
tepig,fire,,65,108,90,108,90
pignite,fire,fighting,90,163,110,148,125
emboar,fire,fighting,110,223,130,188,165
oshawott,water,,55,118,90,100,108
dewott,water,,75,158,120,135,143
samurott,water,,95,208,155,170,178
patrat,normal,,45,90,78,97,77
watchog,normal,,60,145,138,162,137
lillipup,normal,,45,85,90,115,80
herdier,normal,,65,115,130,140,95
stoutland,normal,,85,155,180,190,125
purrloin,dark,,41,100,74,116,116
liepard,dark,,64,176,100,194,194
pansage,grass,,50,106,96,117,117
simisage,grass,,75,196,126,199,199
pansear,fire,,50,106,96,117,117
simisear,fire,,75,196,126,199,199
panpour,water,,50,106,96,117,117
simipour,water,,75,196,126,199,199
munna,psychic,,76,92,100,49,91
musharna,psychic,,116,162,180,84,136
pidove,normal,flying,50,91,80,98,79
tranquill,normal,flying,62,127,104,142,115
unfezant,normal,flying,80,180,135,208,158
blitzle,electric,,45,110,64,136,126
zebstrika,electric,,75,180,126,216,196
roggenrola,rock,,55,100,110,90,40
boldore,rock,,70,155,145,125,70
gigalith,rock,,85,195,210,160,85
woobat,psychic,flying,65,100,86,117,127
swoobat,psychic,flying,67,134,110,171,191
drilbur,ground,,60,115,85,153,98
excadrill,ground,steel,110,185,125,223,138
audino,normal,,103,120,172,110,110
timburr,fighting,,75,105,90,115,60
gurdurr,fighting,,85,145,135,145,80
conkeldurr,fighting,,105,195,160,185,100
tympole,water,,50,100,80,114,114
palpitoad,water,ground,75,130,110,134,134
seismitoad,water,ground,105,180,150,169,159
throh,fighting,,120,130,170,145,75
sawk,fighting,,75,155,150,210,115
sewaddle,bug,grass,45,93,130,95,82
swadloon,bug,grass,55,113,170,105,92
leavanny,bug,grass,75,173,160,195,162
venipede,bug,poison,30,75,98,102,87
whirlipede,bug,poison,40,95,178,102,87
scolipede,bug,poison,60,155,158,212,167
cottonee,grass,fairy,40,64,110,93,103
whimsicott,grass,fairy,60,144,160,183,193
petilil,grass,,45,105,100,65,100
lilligant,grass,,70,170,150,150,200
basculin-red-striped,water,,70,172,120,190,178
sandile,ground,dark,50,107,70,137,100
krokorok,ground,dark,60,127,90,156,119
krookodile,ground,dark,95,182,150,209,157
darumaka,fire,,70,105,90,140,65
darmanitan-standard,fire,,105,170,110,235,125
maractus,grass,,75,192,134,146,166
dwebble,bug,rock,50,100,120,120,90
crustle,bug,rock,70,170,200,150,110
scraggy,dark,fighting,50,110,140,123,83
scrafty,dark,fighting,65,135,230,148,103
sigilyph,psychic,flying,72,161,160,155,200
yamask,ghost,,38,85,150,60,85
cofagrigus,ghost,,58,145,250,80,125
tirtouga,water,rock,54,131,148,100,75
carracosta,water,rock,74,191,198,140,115
archen,rock,flying,55,186,90,182,144
archeops,rock,flying,75,252,130,250,222
trubbish,poison,,50,90,124,115,105
garbodor,poison,,80,155,164,170,135
zorua,dark,,40,145,80,130,145
zoroark,dark,,60,225,120,210,225
minccino,normal,,55,90,80,125,115
cinccino,normal,,75,160,120,210,180
gothita,psychic,,45,85,115,75,100
gothorita,psychic,,60,120,155,100,130
gothitelle,psychic,,70,150,205,120,160
solosis,psychic,,45,135,90,50,125
duosion,psychic,,65,165,110,70,155
reuniclus,psychic,,110,190,160,95,155
ducklett,water,flying,62,88,100,99,99
swanna,water,flying,75,174,126,185,185
vanillite,ice,,36,115,110,94,109
vanillish,ice,,51,145,140,124,139
vanilluxe,ice,,71,205,180,174,189
deerling,normal,grass,60,100,100,135,115
sawsbuck,normal,grass,80,160,140,195,155
emolga,electric,flying,55,150,120,178,178
karrablast,bug,,50,115,90,135,100
escavalier,bug,steel,70,195,210,155,80
foongus,grass,poison,69,110,100,70,70
amoonguss,grass,poison,114,170,150,115,115
frillish,water,ghost,55,105,135,80,105
jellicent,water,ghost,100,145,175,120,145
alomomola,water,,165,115,125,140,105
joltik,bug,electric,50,104,100,112,122
galvantula,bug,electric,70,174,120,185,205
ferroseed,grass,steel,44,74,177,60,34
ferrothorn,grass,steel,74,148,247,114,74
klink,steel,,40,100,130,85,75
klang,steel,,60,150,180,130,120
klinklang,steel,,60,170,200,190,160
tynamo,electric,,35,100,80,115,105
eelektrik,electric,,65,160,140,125,115
eelektross,electric,,85,220,160,165,155
elgyem,psychic,,55,140,110,85,115
beheeyem,psychic,,75,200,170,115,165
litwick,ghost,fire,50,95,110,50,85
lampent,ghost,fire,60,135,120,95,150
chandelure,ghost,fire,60,200,180,135,225
axew,dragon,,46,117,100,144,87
fraxure,dragon,,66,157,120,184,107
haxorus,dragon,,76,207,160,244,157
cubchoo,ice,,55,130,80,110,100
beartic,ice,,95,200,160,180,120
cryogonal,ice,,80,145,185,155,200
shelmet,bug,,50,80,150,65,65
accelgor,bug,,80,170,100,215,245
stunfisk,ground,electric,109,147,183,98,113
mienfoo,fighting,,45,140,100,150,120
mienshao,fighting,,65,220,120,230,200
druddigon,dragon,,77,180,180,168,108
golett,ground,ghost,59,109,100,109,70
golurk,ground,ghost,89,179,160,179,110
pawniard,dark,steel,45,125,110,145,100
bisharp,dark,steel,65,185,170,195,130
bouffalant,normal,,95,150,190,165,95
rufflet,normal,flying,70,120,100,143,97
braviary,normal,flying,100,180,150,203,137
vullaby,dark,flying,70,100,140,115,105
mandibuzz,dark,flying,110,120,200,145,135
heatmor,fire,,85,202,132,162,170
durant,bug,steel,58,157,160,218,157
deino,dark,dragon,52,110,100,103,83
zweilous,dark,dragon,72,150,140,143,123
hydreigon,dark,dragon,92,230,180,203,223
larvesta,bug,fire,55,135,110,145,110
volcarona,bug,fire,85,195,170,160,235
cobalion,steel,fighting,91,180,201,198,198
terrakion,rock,fighting,91,201,180,237,180
virizion,grass,fighting,91,180,201,198,198
tornadus-incarnate,flying,,79,240,150,226,236
thundurus-incarnate,electric,flying,79,240,150,226,236
reshiram,dragon,fire,100,270,220,210,240
zekrom,dragon,electric,100,270,220,240,210
landorus-incarnate,ground,flying,89,240,170,226,216
kyurem,dragon,ice,125,260,180,225,225
keldeo-ordinary,water,fighting,91,201,180,180,237
meloetta-aria,normal,psychic,100,205,205,167,218
genesect,bug,steel,71,240,190,219,219
chespin,grass,,56,109,110,99,86
quilladin,grass,,61,134,153,135,113
chesnaught,grass,fighting,88,181,197,171,138
fennekin,fire,,40,107,100,105,122
braixen,fire,,59,149,128,132,163
delphox,fire,psychic,75,183,172,173,218
froakie,water,,41,118,84,127,133
frogadier,water,,54,146,108,160,180
greninja,water,dark,72,198,138,217,225
bunnelby,normal,,38,68,74,93,89
diggersby,normal,ground,85,106,154,134,128
fletchling,normal,flying,45,90,81,112,102
fletchinder,fire,flying,62,129,107,157,140
talonflame,fire,flying,78,155,140,207,200
scatterbug,bug,,38,62,65,70,62
spewpa,bug,,45,49,90,51,56
vivillon,bug,flying,80,142,100,141,179
litleo,fire,normal,62,123,112,122,145
pyroar,fire,normal,86,177,138,174,215
flabebe,fairy,,44,99,118,80,103
floette,fairy,,54,120,145,97,127
florges,fairy,,78,177,222,140,187
skiddo,grass,,66,127,105,117,114
gogoat,grass,,123,197,143,168,165
pancham,fighting,,67,128,110,125,89
pangoro,fighting,dark,95,193,149,182,127
furfrou,normal,,75,145,150,182,167
espurr,psychic,,62,111,114,116,131
meowstic-male,psychic,,74,131,157,152,187
honedge,steel,ghost,45,115,137,108,63
doublade,steel,ghost,59,155,199,145,80
aegislash-shield,steel,ghost,60,100,280,110,110
spritzee,fairy,,78,115,125,75,86
aromatisse,fairy,,101,171,161,101,128
swirlix,fairy,,62,107,123,97,108
slurpuff,fairy,,82,165,161,152,157
inkay,dark,psychic,53,91,99,99,82
malamar,dark,psychic,86,160,163,165,141
binacle,rock,water,42,91,123,102,89
barbaracle,rock,water,72,159,201,173,122
skrelp,poison,water,50,120,120,90,90
dragalge,poison,dragon,65,172,213,119,141
clauncher,water,,50,111,125,97,102
clawitzer,water,,71,193,177,132,179
helioptile,electric,normal,44,99,76,108,131
heliolisk,electric,normal,62,164,146,164,218
tyrunt,rock,dragon,58,134,122,137,93
tyrantrum,rock,dragon,82,190,178,192,140
amaura,rock,ice,77,126,113,105,113
aurorus,rock,ice,123,176,164,135,157
sylveon,fairy,,95,175,195,125,170
hawlucha,fighting,flying,78,166,138,210,192
dedenne,electric,fairy,67,139,124,159,182
carbink,rock,fairy,50,100,300,100,100
goomy,dragon,,45,105,110,90,95
sliggoo,dragon,,68,158,166,135,143
goodra,dragon,,90,210,220,180,190
klefki,steel,fairy,57,160,178,155,155
phantump,ghost,grass,43,120,108,108,88
trevenant,ghost,grass,85,175,158,166,121
pumpkaboo-average,ghost,grass,49,110,125,117,95
gourgeist-average,ghost,grass,65,148,197,174,142
bergmite,ice,,55,101,120,97,60
avalugg,ice,,95,161,230,145,72
noibat,flying,dragon,40,75,75,85,100
noivern,flying,dragon,85,167,160,193,220
xerneas,fairy,,126,262,193,230,230
yveltal,dark,flying,126,262,193,230,230
zygarde-50,dragon,ground,108,181,216,195,176
diancie,rock,fairy,50,200,300,150,150
hoopa,psychic,ghost,80,260,190,180,220
volcanion,fire,water,80,240,210,180,200
rowlet,grass,flying,68,105,105,97,92
dartrix,grass,flying,78,145,145,127,122
decidueye,grass,ghost,78,207,175,177,170
litten,fire,,45,125,80,135,130
torracat,fire,,65,165,100,175,170
incineroar,fire,dark,95,195,180,175,140
popplio,water,,50,120,110,94,106
brionne,water,,60,160,150,119,141
primarina,water,fairy,80,200,190,134,186
pikipek,normal,flying,35,105,60,140,95
trumbeak,normal,flying,55,125,100,160,115
toucannon,normal,flying,80,195,150,180,135
yungoos,normal,,48,100,60,115,75
gumshoos,normal,,88,165,120,155,100
grubbin,bug,,47,117,90,108,101
charjabug,bug,electric,57,137,170,118,91
vikavolt,bug,electric,77,215,165,113,188
crabrawler,fighting,,47,124,104,145,105
crabominable,fighting,ice,97,194,144,175,105
oricorio-baile,fire,flying,75,168,140,163,191
cutiefly,bug,fairy,40,100,80,129,139
ribombee,bug,fairy,60,150,130,179,219
rockruff,rock,,45,95,80,125,90
lycanroc-midday,rock,,75,170,130,227,167
wishiwashi-solo,water,,45,45,45,60,65
mareanie,poison,water,50,96,114,98,88
toxapex,poison,water,50,116,294,98,88
mudbray,ground,,70,145,125,145,90
mudsdale,ground,,100,180,185,160,90
dewpider,water,bug,38,80,124,67,67
araquanid,water,bug,68,120,224,112,92
fomantis,grass,,40,105,70,90,85
lurantis,grass,,70,185,180,150,125
morelull,grass,fairy,40,100,130,50,80
shiinotic,grass,fairy,60,135,180,75,120
salandit,poison,fire,48,115,80,121,148
salazzle,poison,fire,68,175,120,181,228
stufful,normal,fighting,70,120,100,125,95
bewear,normal,fighting,120,180,140,185,115
bounsweet,grass,,42,60,76,62,62
steenee,grass,,52,80,96,102,102
tsareena,grass,,72,170,196,192,122
comfey,fairy,,51,134,200,152,182
oranguru,normal,psychic,90,150,190,120,150
passimian,fighting,,100,160,150,200,120
wimpod,bug,water,25,55,70,115,100
golisopod,bug,water,75,185,230,165,100
sandygast,ghost,ground,55,125,125,70,85
palossand,ghost,ground,85,175,185,110,135
pyukumuku,water,,55,90,260,65,35
type-null,normal,,95,190,190,154,154
silvally,normal,,95,190,190,190,190
minior-red-meteor,rock,flying,60,120,200,120,120
komala,normal,,65,190,160,180,140
turtonator,fire,dragon,60,169,220,114,127
togedemaru,electric,steel,65,138,136,194,136
mimikyu-disguised,ghost,fairy,55,140,185,186,146
bruxish,water,psychic,68,175,140,197,162
drampa,normal,dragon,78,195,176,96,171
dhelmise,ghost,grass,70,217,190,171,126
jangmo-o,dragon,,45,100,110,100,90
hakamo-o,dragon,fighting,55,140,160,140,130
kommo-o,dragon,fighting,75,210,230,195,185
tapu-koko,electric,fairy,70,210,160,245,225
tapu-lele,psychic,fairy,70,215,190,180,225
tapu-bulu,grass,fairy,70,215,210,205,160
tapu-fini,water,fairy,70,170,245,160,180
cosmog,psychic,,43,58,62,66,66
cosmoem,psychic,,43,58,262,66,66
solgaleo,psychic,steel,137,250,196,234,210
lunala,psychic,ghost,137,250,196,210,234
nihilego,rock,poison,109,180,178,156,230
buzzwole,bug,fighting,107,192,192,218,132
pheromosa,bug,fighting,71,274,74,288,288
xurkitree,electric,,83,262,142,172,256
celesteela,steel,flying,97,208,204,162,168
kartana,grass,steel,59,240,162,290,168
guzzlord,dark,dragon,223,198,106,144,140
necrozma,psychic,,97,234,190,186,206
magearna,steel,fairy,80,225,230,160,195
marshadow,fighting,ghost,90,215,170,250,215
poipole,poison,,67,146,134,146,146
naganadel,poison,dragon,73,200,146,194,248
stakataka,rock,steel,61,184,312,144,66
blacephalon,fire,ghost,53,278,132,234,258
zeraora,electric,,88,214,155,255,245
meltan,steel,,46,120,100,99,89
melmetal,steel,,135,223,208,177,114
grookey,grass,,50,105,90,130,105
thwackey,grass,,70,140,130,165,135
rillaboom,grass,,100,185,160,210,145
scorbunny,fire,,50,111,80,140,109
raboot,fire,,65,141,120,180,149
cinderace,fire,,80,181,150,235,184
sobble,water,,50,110,80,110,140
drizzile,water,,65,155,110,150,185
inteleon,water,,70,210,130,205,245
skwovet,normal,,70,90,90,80,60
greedent,normal,,120,150,170,115,75
rookidee,flying,,38,80,70,104,90
corvisquire,flying,,68,110,110,144,120
corviknight,flying,steel,98,140,190,154,120
blipbug,bug,,25,45,65,65,70
dottler,bug,psychic,50,85,170,65,80
orbeetle,bug,psychic,60,125,230,135,170
nickit,dark,,40,75,80,78,97
thievul,dark,,70,145,150,148,177
gossifleur,grass,,40,80,120,50,50
eldegoss,grass,,60,130,210,110,140
wooloo,normal,,42,80,100,88,88
dubwool,normal,,72,140,190,168,148
chewtle,water,,50,102,88,108,82
drednaw,water,rock,90,163,158,189,122
yamper,electric,,59,85,100,71,66
boltund,electric,,69,180,120,211,211
rolycoly,rock,,30,80,100,70,70
carkol,rock,fire,80,120,160,110,110
coalossal,rock,fire,110,160,210,110,110
applin,grass,dragon,40,80,120,60,60
flapple,grass,dragon,70,205,140,180,165
appletun,grass,dragon,110,185,160,115,130
silicobra,ground,,52,92,125,103,81
sandaconda,ground,,72,172,195,178,136
cramorant,flying,water,70,170,150,170,170
arrokuda,water,,41,103,70,129,106
barraskewda,water,,61,183,110,259,196
toxel,electric,poison,40,92,70,78,94
toxtricity-amped,electric,poison,75,212,140,173,189
sizzlipede,fire,bug,50,115,95,110,95
centiskorch,fire,bug,100,205,155,180,155
clobbopus,fighting,,50,118,110,100,82
grapploct,fighting,,80,188,170,160,112
sinistea,ghost,,40,119,99,95,124
polteageist,ghost,,60,199,179,135,204
hatenna,psychic,,42,86,98,69,95
hattrem,psychic,,57,126,138,89,135
hatterene,psychic,fairy,57,226,198,119,165
impidimp,dark,fairy,45,100,70,95,105
morgrem,dark,fairy,65,135,100,130,145
grimmsnarl,dark,fairy,95,215,140,180,155
obstagoon,dark,normal,93,150,182,185,155
perrserker,steel,,70,160,160,160,100
cursola,ghost,,60,240,180,125,175
sirfetchd,fighting,,62,203,177,200,133
mr-rime,ice,psychic,80,195,175,155,180
runerigus,ground,ghost,58,145,250,125,80
milcery,fairy,,45,90,101,74,84
alcremie,fairy,,65,170,196,124,174
falinks,fighting,,65,170,160,175,145
pincurchin,electric,,48,192,180,116,106
snom,ice,bug,30,70,65,45,65
frosmoth,ice,bug,70,190,150,130,190
stonjourner,rock,,100,145,155,195,90
eiscue-ice,ice,,75,145,200,130,115
indeedee-male,psychic,normal,60,170,150,160,200
morpeko-full-belly,electric,dark,58,165,116,192,167
cufant,steel,,72,120,98,120,80
copperajah,steel,,122,210,138,160,110
dracozolt,electric,dragon,90,180,160,175,155
arctozolt,electric,ice,90,190,170,155,145
dracovish,water,dragon,90,160,180,165,145
arctovish,water,ice,90,170,190,145,135
duraludon,steel,dragon,70,215,165,180,205
dreepy,dragon,ghost,28,100,60,142,122
drakloak,dragon,ghost,68,140,100,182,162
dragapult,dragon,ghost,88,220,150,262,242
zacian,fairy,,92,200,230,258,218
zamazenta,fighting,,92,200,230,258,218
eternatus,poison,dragon,140,230,190,215,275
kubfu,fighting,,60,143,110,162,125
urshifu-single-strike,fighting,dark,100,193,160,227,160
zarude,dark,grass,105,190,200,225,175
regieleki,electric,,80,200,100,300,300
regidrago,dragon,,200,200,100,180,180
glastrier,ice,,100,210,240,175,95
spectrier,ghost,,100,210,140,195,275
calyrex,psychic,grass,100,160,160,160,160
wyrdeer,normal,psychic,103,210,147,170,170
kleavor,bug,rock,70,180,165,220,130
ursaluna,ground,normal,130,185,185,190,95
basculegion-male,water,ghost,120,192,140,190,158
sneasler,fighting,poison,80,170,140,250,160
overqwil,dark,poison,85,180,160,200,150
enamorus-incarnate,fairy,flying,74,250,150,221,241
sprigatito,grass,,40,106,99,126,110
floragato,grass,,61,140,126,163,143
meowscarada,grass,dark,76,191,140,233,204
fuecoco,fire,,67,108,99,81,99
crocalor,fire,,81,145,136,104,139
skeledirge,fire,ghost,104,185,175,141,176
quaxly,water,,55,115,90,115,100
quaxwell,water,,70,150,125,150,130
quaquaval,water,fighting,85,205,155,205,170
lechonk,normal,,54,80,85,80,70
oinkologne,normal,,110,159,155,165,124
tarountula,bug,,35,70,85,61,49
spidops,bug,,60,131,178,114,87
nymble,bug,,33,67,65,91,66
lokix,bug,dark,71,154,133,194,144
pawmi,electric,,45,90,45,110,100
pawmo,electric,fighting,60,125,80,160,135
pawmot,electric,fighting,70,185,130,220,175
tandemaus,normal,,50,90,90,125,115
maushold,normal,,74,140,145,186,176
fidough,fairy,,37,85,125,120,95
dachsbun,fairy,,57,130,195,175,145
smoliv,grass,normal,41,93,96,65,88
dolliv,grass,normal,52,131,138,86,111
arboliva,grass,normal,78,194,199,108,164
squawkabilly,normal,flying,82,141,102,188,137
nacli,rock,,55,90,110,80,60
naclstack,rock,,60,95,165,95,70
garganacl,rock,,100,145,220,135,80
charcadet,fire,,40,100,80,85,85
armarouge,fire,psychic,85,185,180,135,200
ceruledge,fire,ghost,75,185,180,210,145
tadbulb,electric,,61,90,76,76,104
bellibolt,electric,,109,167,174,109,148
wattrel,electric,flying,40,95,75,110,125
kilowattrel,electric,flying,70,175,120,195,230
maschiff,dark,,60,118,111,129,91
mabosstiff,dark,,80,180,160,205,145
shroodle,poison,normal,40,105,70,140,115
grafaiai,poison,normal,63,175,137,205,190
bramblin,grass,ghost,40,110,65,125,105
brambleghast,grass,ghost,55,195,140,205,170
toedscool,ground,grass,40,90,135,110,120
toedscruel,ground,grass,80,150,185,170,180
klawf,rock,,70,135,170,175,110
capsakid,grass,,50,124,80,112,112
scovillain,grass,fire,65,216,130,183,183
rellor,bug,,41,81,118,80,61
rabsca,bug,psychic,75,165,185,95,160
flittle,psychic,,30,90,60,110,130
espathra,psychic,,95,161,120,165,206
tinkatink,fairy,steel,50,80,109,103,93
tinkatuff,fairy,steel,65,100,137,133,123
tinkaton,fairy,steel,85,145,182,169,164
wiglett,water,,10,90,50,150,130
wugtrio,water,,35,150,120,220,170
bombirdier,flying,dark,70,163,170,185,142
finizen,water,,70,90,80,120,120
palafin,water,,100,123,134,170,153
varoom,steel,poison,45,100,108,117,77
revavroom,steel,poison,80,173,157,209,144
cyclizar,dragon,normal,70,180,130,216,206
orthworm,steel,,70,145,200,150,125
glimmet,rock,poison,48,140,102,95,165
glimmora,rock,poison,83,185,171,141,216
greavard,ghost,,50,91,115,95,64
houndstone,ghost,,72,151,197,169,118
flamigo,flying,fighting,82,190,138,205,165
cetoddle,ice,,108,98,85,111,73
cetitan,ice,,170,158,120,186,118
veluza,water,psychic,90,180,138,172,148
dondozo,water,,150,165,180,135,100
tatsugiri,dragon,water,68,170,155,132,202
annihilape,fighting,ghost,110,165,170,205,140
clodsire,poison,ground,130,120,160,95,65
farigiraf,normal,psychic,120,200,140,150,170
dudunsparce,normal,,125,185,155,155,140
kingambit,dark,steel,100,195,205,185,110
great-tusk,ground,fighting,115,184,184,218,140
scream-tail,fairy,psychic,115,130,214,176,176
brute-bonnet,grass,dark,111,206,198,182,134
flutter-mane,ghost,fairy,55,190,190,190,270
slither-wing,bug,fighting,85,220,184,216,166
sandy-shocks,electric,ground,85,202,182,182,222
iron-treads,ground,steel,90,184,190,218,178
iron-bundle,ice,water,56,204,174,216,260
iron-hands,fighting,electric,154,190,176,190,100
iron-jugulis,dark,flying,94,202,166,188,230
iron-moth,fire,poison,80,210,170,180,250
iron-thorns,rock,electric,100,204,194,206,142
frigibax,dragon,ice,65,110,90,130,90
arctibax,dragon,ice,90,140,131,157,107
baxcalibur,dragon,ice,115,220,178,232,162
gimmighoul,ghost,,45,105,140,40,85
gholdengo,steel,ghost,87,193,186,144,217
wo-chien,dark,grass,85,180,235,155,165
chien-pao,dark,ice,80,210,145,255,225
ting-lu,dark,ground,155,165,205,155,100
chi-yu,dark,fire,55,215,200,180,235
roaring-moon,dragon,dark,105,194,172,258,174
iron-valiant,fairy,fighting,74,250,150,246,236
koraidon,fighting,dragon,100,220,215,270,220
miraidon,electric,dragon,100,220,215,220,270
walking-wake,water,dragon,99,208,174,192,234
iron-leaves,grass,psychic,90,200,196,234,174
